month,prs,pr_authors,fix_prs,pr_median_days,commits,claude_coauth,fix_commits,reverts,lines_ins,lines_del,issues_opened,bugs_opened,bugs_closed,bug_median_days_to_close,test_cs_files,src_cs_files,bugs_opened_external,claude_bot_comments
2023-01,5,3,1,1.0,12,0,0,0,2158,488,7,2,1,1.4,554,458,0,0
2023-02,6,3,2,5.2,11,0,0,0,3525,2009,7,4,2,6.9,570,473,3,0
2023-03,3,2,2,3.6,8,0,0,0,270,203,4,1,1,27.1,570,473,0,0
2023-04,18,3,8,1.2,23,0,0,0,1789,1038,7,5,3,7.2,577,473,3,0
2023-05,8,4,6,0.1,9,0,1,0,333,173,3,2,1,8.9,577,473,1,0
2023-06,5,3,2,0.2,10,0,1,0,951,201,1,1,2,32.0,577,486,0,0
2023-07,5,2,3,0.4,10,0,1,0,328,248,0,0,0,,578,486,0,0
2023-08,4,2,2,0.4,8,0,3,0,805,402,3,1,1,3.6,583,486,0,0
2023-09,4,2,0,1.1,11,0,0,0,450,341,4,1,1,20.9,583,486,1,0
2023-10,3,3,2,1.0,8,0,0,0,204,166,1,0,0,,583,486,0,0
2023-11,4,3,3,0.0,19,0,1,0,10268,7993,1,0,1,273.0,585,471,0,0
2023-12,3,3,2,0.6,20,0,1,0,677,466,4,0,0,,585,471,0,0
2024-01,1,1,0,3.9,6,0,0,0,754,1069,0,0,0,,586,471,0,0
2024-02,8,3,5,0.8,19,0,3,0,8100,3116,0,0,1,292.3,633,494,0,0
2024-03,6,2,2,1.5,10,0,1,0,5429,9231,2,1,3,430.7,611,465,0,0
2024-04,5,2,3,0.6,10,0,0,0,1218,145922,7,3,1,0.9,611,465,2,0
2024-05,9,3,1,0.9,13,0,0,0,5268,1788,11,4,2,15.6,626,472,3,0
2024-06,9,3,0,0.1,15,0,4,0,9880,5394,6,3,0,,645,496,3,0
2024-07,16,4,5,2.1,15,0,1,0,9241,9232,4,1,2,36.4,655,508,1,0
2024-08,12,4,3,5.1,9,0,0,0,2476,1114,5,1,0,,664,523,1,0
2024-09,13,3,7,3.6,20,0,1,0,6339,4326,4,2,1,27.0,669,528,0,0
2024-10,4,3,0,0.6,12,0,2,0,143,64,5,1,0,,669,528,1,0
2024-11,3,3,1,0.5,6,0,1,0,1020,599,2,1,2,104.1,671,528,0,0
2024-12,9,3,5,3.0,13,0,5,0,21382,9295,3,1,1,97.2,748,540,1,0
2025-01,14,4,6,1.1,19,0,2,0,18569,7200,3,0,4,131.3,844,562,0,0
2025-02,11,4,1,6.1,19,0,4,0,23713,1421,10,0,1,161.7,950,633,0,0
2025-03,10,4,0,1.0,10,0,2,0,10449,9817,4,0,2,508.1,953,636,0,0
2025-04,8,5,1,2.7,10,0,1,0,9502,4475,7,3,0,,983,643,3,0
2025-05,3,2,0,23.0,2,0,0,0,3508,80,3,0,1,30.7,996,656,0,0
2025-06,18,5,5,0.2,24,0,1,0,17176,6421,3,0,1,53.4,1028,683,0,0
2025-07,20,4,6,5.6,25,0,3,0,45571,6228,20,8,4,9.1,1291,825,4,0
2025-08,21,5,9,2.3,25,0,6,1,8320,3532,17,7,3,14.2,1314,837,2,0
2025-09,12,4,8,1.6,42,0,3,0,6010,4309,6,2,7,27.4,1322,835,1,0
2025-10,20,6,9,0.8,28,0,7,0,19720,19623,8,3,3,7.8,1283,869,2,35
2025-11,7,4,2,1.8,7,0,0,0,3392,639,4,1,1,1.5,1298,873,1,31
2025-12,9,5,4,0.3,14,0,0,0,38866,1383,3,1,2,21.5,1683,874,1,47
2026-01,9,5,0,0.4,17,2,0,0,22393,5924,6,1,0,,1737,883,1,40
2026-02,16,5,2,1.1,52,37,1,0,50918,5664,6,3,2,427.6,1916,915,2,106
2026-03,12,4,7,1.9,59,48,8,0,38281,26471,5,5,9,13.1,1939,915,4,135
2026-04,18,5,11,1.2,66,52,16,0,26566,3366,22,10,7,1.0,2033,945,9,94
2026-05,19,7,11,5.9,397,356,98,0,53889,10759,25,9,1,6.9,2322,1027,5,142
2026-06,20,7,8,1.0,200,184,33,0,29266,4657,14,5,4,3.8,2807,1054,5,112
2026-07,15,4,11,4.9,100,81,14,0,132416,24541,27,10,16,27.6,3306,1054,3,139
2026-08,7,3,1,0.4,237,214,0,0,44009,6627,11,10,1,38.0,3344,1054,1,24
2026-09,88,6,70,0.2,829,719,118,1,168953,37347,88,61,57,11.1,4424,1110,11,175
